/*
SQLyog Ultimate v8.32 
MySQL - 5.5.49 : Database - cropsai
*********************************************************************
*/

/*!40101 SET NAMES utf8 */;

/*!40101 SET SQL_MODE=''*/;

/*!40014 SET @OLD_UNIQUE_CHECKS=@@UNIQUE_CHECKS, UNIQUE_CHECKS=0 */;
/*!40014 SET @OLD_FOREIGN_KEY_CHECKS=@@FOREIGN_KEY_CHECKS, FOREIGN_KEY_CHECKS=0 */;
/*!40101 SET @OLD_SQL_MODE=@@SQL_MODE, SQL_MODE='NO_AUTO_VALUE_ON_ZERO' */;
/*!40111 SET @OLD_SQL_NOTES=@@SQL_NOTES, SQL_NOTES=0 */;
CREATE DATABASE /*!32312 IF NOT EXISTS*/`cropsai` /*!40100 DEFAULT CHARACTER SET utf8 */;

USE `cropsai`;

/*Table structure for table `diseasespests` */

DROP TABLE IF EXISTS `diseasespests`;

CREATE TABLE `diseasespests` (
  `did` varchar(20) NOT NULL,
  `name` varchar(20) DEFAULT NULL,
  `comname` varchar(20) DEFAULT NULL,
  `symptoms` varchar(100) DEFAULT NULL,
  `nature` varchar(20) DEFAULT NULL,
  `basicdesc` varchar(100) DEFAULT NULL,
  `detailsdesc` varchar(500) DEFAULT NULL,
  `score` varchar(20) DEFAULT NULL,
  `dmethods` varchar(500) DEFAULT NULL,
  PRIMARY KEY (`did`)
) ENGINE=InnoDB DEFAULT CHARSET=utf8;

/*Data for the table `diseasespests` */

insert  into `diseasespests`(`did`,`name`,`comname`,`symptoms`,`nature`,`basicdesc`,`detailsdesc`,`score`,`dmethods`) values ('1','稻瘟病','火烧瘟、嗑头瘟。','稻瘟病在水稻整个生育期中都可发生，为害秧','病害','稻瘟病又名稻热病、火烧瘟、叩头瘟等，是由稻瘟病原菌引起的、发生在水稻的一种病害。稻瘟病在水稻整个生育期中都可发生，为害秧苗、叶片、穗、节等，分别称为苗瘟、叶瘟、穗瘟和节瘟','稻瘟病分布遍及世界稻区，是稻作生产中的主要病害，其中以亚洲、非洲稻区发病为重。在中国地区一般山区重于平原，粳、糯重于籼稻，除华南稻区早稻重于晚稻外，其他稻区晚稻重于早稻。流行年份，一般减产10-20%，重的达40-50%，局部田块甚至颗粒无收,稻瘟病的防治方法主要有选用抗病品种，培育优质秧苗、肥水管理技术措施、加强田间管理、落实防治措施、化学药剂控制等。在稻瘟病流行以后，要切实掌握稻瘟病的发病症状、发病规律和发病原因，结合种植情况，采取科学可行的稻瘟病防治技术措施，树立起良好的预防理念，降低稻瘟病发生的可能性，避免给稻谷产量和质量造成损失',NULL,'使用化学药剂控制稻瘟病是最常见和最有效的方式，主要的药剂包括苯菌灵、三环唑、异丙硫脲和抗生素（如杀稻瘟菌素和春日霉素）。这些农药中含有植物活化剂、胆碱生物合成抑制剂和黑色素生物合成抑制剂，持续多年的使用表明，保留不同类别的化学物质以干扰稻瘟菌的抗性，对防治稻瘟病有很好的效果'),('10','暗黑金龟子','蛴螬','成虫黑褐色无光泽；腹部臀板不呈半月形，腹部节与节间中央部分分界线明显。','虫害','暗黑金龟子在华北各省发生，严重区在北京以南至淮河流域地区，特别是黄河沿岸县份，较为严重。','暗黑金龟子，其腹部脂肪含量丰富(腹部能见脂肪粒和一条黑色带状物) ， 当受到攻击时会发出思思叫声。它是一种夜间活动的昆虫，可能会在夜间在有树木道路上或小树林里走路时在不知不觉中飞掉在动物和人的身上，偶尔要咬一小口骚扰宿主。白天它几乎会处于装死状态活动迟缓(装死时能在水表面漂浮而不被淹死)，晚间则变得十分活跃。',NULL,'防治成虫的措施:⑴在成虫盛发期，于闷热无风的傍晚或天黑以后8－10点钟点灯捕捉。⑵用2.5%敌百粉，或90%晶体敌百虫1,500～2,000倍液，于成虫主要栖息地和其活动、取食场所，进行地面喷布，效果也较好。⒉防治幼虫的措施:(1)药剂拌种：与防治蝼蛄的方法相同。⑵毒土防治：小麦返青后，开始发现蛴螬为害时，可每亩用2.5%敌百虫粉3－4斤加细土150斤拌匀，在麦垅旁开沟并须沟均匀撒下，然后耙平。玉米每亩用2.5%敌百虫粉4－5斤，效果较好。'),('11','玉米黄呆蓟马','玉米蓟马、玉米黄蓟马、草蓟马','长翅型雌成虫体长1．0—1．2mm，黄色','虫害','昆虫名，属缨翅目，蓟马科。分布在华北、新疆、甘肃、宁夏、江苏、四川、西藏、台湾等。寄主于玉米、蚕豆；苦英菜及小麦等禾本科作物。为害叶背致叶背面呈现断续的银白色条斑，伴随有小污点，叶正面与银白色相对的部','英文名Grass thrips异名玉米蓟马、玉米黄蓟马、草蓟马 玉米黄呆蓟马,学名Anaphothrips obscurus (Müller)，异名Anaphothrips striatus (Osborn)。又称为玉米蓟马、玉米黄蓟马、草蓟马。属缨翅目，蓟马科。为害玉米、麦类、谷子、高粱、水稻等，苗期常见害虫。国内分布区北起北京、甘肃、新疆，南抵台湾、海南及广东、云南南境，东面滨海，西达新疆西陲，并由甘肃折入四川、云南，再向西发展，采于西藏的江孜、阿里～带在新疆及四川，均有严重为害报道国外分布于日本、澳大利亚及欧洲、非洲、北美洲等地。',NULL,'虫口密度大或有可能大发生的地块及时喷洒20%丁硫克百威乳油或10%吡虫啉可湿性粉剂、1，8%爱比菌素乳油、10%除尽乳油2000倍液、40%氧化乐果乳油1500倍液、25%辉丰快克乳油1500—2000倍液。'),('12','粘虫','粟夜盗虫、剃枝虫。俗名五彩虫、麦蚕等','体长15～17mm，翅展36～40mm。','虫害','粘虫是一种昆虫，为鳞翅目，夜蛾科。在中国除新疆未见报道外，遍布各地。寄主于麦、稻、粟、玉米等禾谷类粮食作物及棉花、豆类、蔬菜等16科104种以上植物。','粘虫是一种昆虫，为鳞翅目，夜蛾科。在中国除新疆未见报道外，遍布各地。寄主于麦、稻、粟、玉米等禾谷类粮食作物及棉花、豆类、蔬菜等16科104种以上植物。幼虫食叶，大发生时可将作物叶片全部食光，造成严重损失。因其群聚性、迁飞性、杂食性、暴食性，成为全国性重要农业害虫。2012年8月14日，全国粘虫发生面积近5000万亩，危害程度近十年最重。2020年9月15日，粘虫被农业农村部列入一类农作物病虫害名录。',NULL,'生物诱杀成虫。利用成虫（夜蛾科）其成虫交配产卵前需要采食以补充能量的生物习性，采用具有其成虫喜欢气味配比出来的诱饵，配合少量杀虫剂进行生物诱杀。可以减少90%以上的化学农药使用量，大量诱杀成虫可以大大减少落卵量及幼虫危害。只需80～100米左右喷洒一行，大大减少人工成本，同时减少化学农药对食品以及环境的影响。'),('13','番茄畸形果病','无','花芽细咆分裂过旺，心皮数日增多，从而形成多心室的畸形果。','病害','番茄畸形果是番茄常见的病害之一，保护地、露地栽培均可危害，但保护地栽培重于露地栽培。果实产生畸形后，使果实降低或失去商品价值。','番茄畸形果是番茄常见的病害之一，保护地、露地栽培均可危害，但保护地栽培重于露地栽培。果实产生畸形后，使果实降低或失去商品价值。',NULL,'选用不易产生畸形果的品种，发生畸形果后要及时摘除，以利正常花果的发育。(2)作好光温调控，培育抗逆力强的壮苗。提倡采用电热线快速育苗；苗床要光照充足并适时适量通风，幼苗破心后，直控制昼温20～25℃，夜温、3～17℃，以利花芽分化，育出节间短60天左右的适龄壮苗。(3)加强肥水管理，防止植株徒长。采用配方施肥，满足植株生长发育所需的营养条件，避免偏施氮肥，防止分化出多心皮及形成带状扁形花。(4)合理使用生长调节剂。幼苗出现徒长寸。勿过分采用降温或干旱控苗措施，而应在加强通风、适当控湿的基础上，喷施85%比久(B9)可溶性粉剂2000ppm控制徒长，这样既可提高幼苗质量，又不影响花芽分化。'),('14','番茄脐腐病','蒂腐病','番茄脐腐病仅发生在番茄果实上。以青果期至着色期前最易发病，发病初始在幼果脐部、花器残余部位及其附近产生水浸状斑，暗绿色，后扩大为暗褐色大斑。','病害','番茄脐腐病是番茄遇不适宜的环境条件时常见的生理失调症，仅发生在番茄果实上。','番茄脐腐病是番茄遇不适宜的环境条件时常见的生理失调症，仅发生在番茄果实上。番茄脐腐病为番茄种植中的重要病害。特别是连茬种植的土地，发病率达3-5%，减产20-30%，严重时绝收，造成了很大的经济损失。',NULL,'补充钙素、施足基肥、合理配合。土壤缺钙时，每亩用消石灰或碳酸钙50千克均匀撒于地面并翻入耕层中。施足腐熟的农家肥人粪尿或鸡粪，增加追肥中的氮肥，并降低基肥氮的使用率。在番茄施氮时，若纯氮施用超过30千克/亩，就会导致脐腐病发病严重，所以控制氮肥用量成为了番茄增产的关键。另外，钙磷与钙钾合理配合，可显著提高番茄吸收总钙量和实吸钙量，改善番茄果实的品质。'),('15','棉铃虫','棉铃实夜蛾','前翅翅尖突伸，外缘较直，斑纹模糊不清，中横线由肾形斑下斜至翅后缘。','虫害','棉铃虫，Helicoverpa armigera （Hübner），鳞翅目，夜蛾科 [1]  ，广泛分布在中国及世界各地，中国棉区和蔬菜种植区均有发生。黄河流域棉区、长江流域棉区受害较重。近年来，新疆','棉铃虫，Helicoverpa armigera （Hübner），鳞翅目，夜蛾科 [1]  ，广泛分布在中国及世界各地，中国棉区和蔬菜种植区均有发生。黄河流域棉区、长江流域棉区受害较重。近年来，新疆棉区也时有发生。寄主植物有30多科200余种。棉铃虫是棉花蕾铃期重要钻蛀性害虫，主要蛀食蕾、花、铃，也取食嫩叶。',NULL,'棉铃虫的防治要强化农业防治，从农业生产的整体出发合理布局作物，推广抗虫品种，改进栽培技术，压低棉铃虫发生基数。采用生物防治、诱杀成虫等无公害防治措施，控制各代虫口密度。针对主要为害世代，选用高效、低毒农药，以卵期和初龄幼虫阶段为防治重点，科学合理使用农药。'),('16','温室白粉虱','小白蛾子','成虫体长1-1.5mm，淡黄色。翅面覆盖白蜡粉，停息时双翅在体上合成屋脊状如蛾类，翅端半圆状遮住整个腹部，翅脉简单。','虫害','温室白粉虱是属同翅目、粉虱科的一种昆虫。1975年始于北京，现几乎遍布中国。寄主于黄瓜、菜豆、茄子、番茄、青椒、甘蓝、甜瓜、西瓜、花椰菜、白菜、油菜、萝卜、莴苣、魔芋、芹菜等各种蔬菜及花卉、农作物等2','温室白粉虱是属同翅目、粉虱科的一种昆虫。1975年始于北京，现几乎遍布中国。寄主于黄瓜、菜豆、茄子、番茄、青椒、甘蓝、甜瓜、西瓜、花椰菜、白菜、油菜、萝卜、莴苣、魔芋、芹菜等各种蔬菜及花卉、农作物等200余种。成虫和若虫吸食植物汁液，被害叶片褪绿、变黄、萎蔫，甚至全株枯死。此外，由于其繁殖力强，繁殖速度快，种群数量庞大，群聚为害，并分泌大量蜜液，严重污染叶片和果实，往往引起煤污病的大发生，使蔬菜失去商品价值。除严重为害番茄、青椒、茄子、马铃薯等茄科作物外，也是严重为害黄瓜、菜豆的害虫。',NULL,'药剂防治应在虫口密度较低时早期施用，可选用25%噻嗪酮(扑虱灵)可湿性粉剂1000～1500倍液、10%联苯菊酯(天王星)乳油2000倍液、2.5%溴氰菊酯(敌杀死)乳油2000倍液、20%氰戊菊酯(速灭杀丁)乳油2000倍液、2.5%三氟氯氰菊酯(功夫)乳油3000倍液、灭扫利乳油2000～3000倍液等，每隔7～10天喷1次，连续防治3次。'),('17','柑橘黄龙病','黄梢病、黄枯病、青果病','春梢叶片转绿后，先在叶脉基部转黄后部分叶肉褪绿，叶脉逐渐黄化，叶片现不规则黄绿斑块。','病害','柑橘黄龙病又称黄梢病、黄枯病，是由亚洲韧皮杆菌所侵染所引起的、发生在柑橘上一种的毁性病害。严重影响产量和品质，甚至造成柑橘树枯死。','世界上近50个国家和地区的柑橘种植区均会感染该病害，该病主要分布在南北美洲、亚洲、大洋洲、非洲等地，中国19个柑橘生产省（市、自治区）已有11个受到危害。 [2]  5月下旬开始发病，8-9月份最严重。春、夏季多雨，秋季干旱，发病重。施肥不足，果园地势低洼，排水不良，树冠郁闭，发病重。幼龄树较老龄树抗病，4-8年生树发病重。柑橘木虱发生重，柑橘黄龙病发生亦重。',NULL,'重技术，转观念：当前依然有很多果农没有意识到对田地大量施用农药、化肥会使土壤酸化，土质中的养分失去平衡，因此要转变果农对柑橘黄龙病的防治观念。另外，种植面积没有得到合理控制，病情发生后，为避免经济损失而不愿意砍除病树，加剧了病害的传播。对此应做到一经发现立即喷杀木虱，之后彻底挖除柑橘黄龙病树；用药控梢或杀梢，结合人工抹梢。利用药物控梢，在枝梢充分老熟后统一放梢、用药杀梢，可把新梢和早抽出的统一杀除，而人工很难把刚出的新梢芽抹除。此外，农业部门派遣专家对果农进行柑橘黄龙病和柑橘木虱相关知识的培训，组织果农利用早期物理技术、生物防治技术等控制木虱的繁殖和传播。'),('18','柑桔溃疡病','柑橘溃疡病','柑桔溃疡病主要为害叶片，枝梢、果实和萼片，形成木栓化稍隆起的病斑。病斑大小、形状、色泽因品种而异。','病害','柑桔溃疡病是由地毯黄单胞杆菌引起的、发生在柑桔的病害。主要为害叶片、枝梢、果实和萼片。植株受害后落叶、落果、树势衰弱，受害果实外形恶劣；受害苗木，叶片脱落，枝梢干枯，生长受阻，延迟出圃，严重时叶片落光','柑桔溃疡病是一种世界性病害，也是中国柑桔产区重要病害之一。在中国除四川的大部分和贵州的部分地区外，都有不同程度的发生。发病果园损失率一般10-20%，严重的可达30%以上。在25-30℃条件下，雨量与发病成正相关。每次新梢生长都有一个发病高峰，尤以夏、秋梢较重。',NULL,'一般在春梢、夏梢、秋梢抽出后20毫升左右喷药预防，尤其是夏梢最易染病，即在新梢长出1厘米长时喷第一次药，以后每星期喷一次。春梢80%自剪时喷第1次药，使用“靓果安+沃丰素”，7-10毫升再喷1次（约谢花2/3时）。挂果树的夏梢一律抹除。秋梢于3-5厘米长时喷第1次药，隔7-10毫升喷1次。使用“靓果安”喷3次，遇台风多雨季节可再加喷1次。挂果树以保果为主，果实于谢花后20毫升喷第1次药，使用“靓果安+沃丰素”隔15毫升喷1次，连喷3次。掌握在谢花后的第10毫升、32毫升、55毫升各喷一次。预防药物可选用6000单位/毫升的“农用链霉素”加1%酒精、77%“可杀得”可湿性粉剂300倍液、“氧氯化铜”胶悬剂400倍等。治疗药物可选用克菌特700倍液，防治率可达90%。'),('19','粉虱','烟粉虱、甘薯粉虱，俗称“小白蛾子”','虫体淡黄色，翅白色，附有蜡粉，没有斑点，前翅脉一条不分叉，左右翅合拢呈屋脊状。','虫害','粉虱是同翅目粉虱科动物 ，是一类体型微小的植食性刺吸式昆虫，分布在世界各大动物区系，主要是热带和亚热带。','粉虱是同翅目粉虱科动物 [1]  ，是一类体型微小的植食性刺吸式昆虫，分布在世界各大动物区系，主要是热带和亚热带。粉函科的科名来自希腊语：aleuro=wheaten flou白色的粉；aleurodes=like flour似粉状；粉风whitefly—词来源于其颜色和体型，\"粉\"指翅为白色，像小蛾子为其蜡腺分泌的白色蜡粉被其足涂抹到身体上而成，与鳞翅目昆虫的鳞片性质不同，但也有的种类的翅为黑色、红色或淡黄色的；\"虱“”形容其体型微小，最大不超过3mm。',NULL,'对温室作物而言，可应用防虫网来阻止粉虱进入；烟粉虱对黄色有强烈趋性，可在温室内设置黄板诱杀成虫；也有利用苘麻进行诱集防治的报道。另外一种减少农药使用次数、延缓害虫抗药性产生的方法就是高温闷杀法。该方法的具体处理方法是：温度在 45-48 ℃左右，相对湿度 90 %以上，保持 2h 的闷棚时间，这样处理烟粉虱可使其死亡率达到 100%。田间铺设反光膜驱避成虫，或悬挂黄板诱杀成虫，另外覆盖作物残茬或种植诱集作物对减轻烟粉虱的危害也有一定作用。'),('2','水稻白叶枯病','着凤、过火风、白叶瘟','水稻白叶枯病主要为害叶片，也可侵染叶鞘。','病害','水稻白叶枯病俗称着凤、过火风、白叶瘟等，是由水稻白叶枯病原细菌引起的、发生在水稻的一种病害。该病为害叶片，也可侵染叶鞘。是中国植物检疫对象','水稻白叶枯病主要在华东、华中、华南稻区发生；一般在沿海、沿湖、丘陵和低洼易涝地区发生较为频繁，籼稻发病重于粳、糯稻， 双季晚稻重于双季早稻，单季中稻重于单季晚稻。多发生在孕穗抽穗阶段，如提前发病，可使抽穗延迟，穗形变小，粒数减少。孕穗后发病，粒重减轻，不实率增加。病株结实差，青粒多，米质松脆，出米率低，发芽率也低。如在分蘖期出现雕萎型白叶枯，造成稻株大量枯死，损失更大',NULL,'在水稻三叶期和移栽前5天各喷施1次10%三氯异氰脲酸500倍液，预防本田发病。大田施药适期应掌握在零星发病阶段，以消灭发病中心为主，防止扩大蔓延。常用的药剂有35%克壮·叶唑可湿性粉剂1500倍液，或50%氯溴异氰尿酸可湿性粉剂2000-3000倍液，或20%噻菌铜悬浮剂2000倍液，或3%中生菌素可湿性粉剂10000倍液，或15%叶枯唑可湿性粉剂2000倍液，或20%噻菌茂可湿性粉剂1500倍液，或72%硫酸链霉素可溶性粉剂3000倍液，或20%噻森铜悬浮剂2500倍液，或5%菌毒清水剂5000倍液，或45%代森铵水剂2000倍液喷雾'),('20','红蜘蛛','红叶螨','有足3对。越冬代幼螨红色，非越冬代幼螨黄色。越冬代若螨红色，非越冬代若螨黄色，体两侧有黑斑。','虫害','红蜘蛛，又名棉红蜘蛛，俗称大蜘蛛、大龙、砂龙等，学名叶螨，我国的种类以朱砂叶螨为主，属蛛形纲、蜱螨目、叶螨科。分布广泛，食性杂，可危害110多种植物。','红蜘蛛，又名棉红蜘蛛，俗称大蜘蛛、大龙、砂龙等，学名叶螨，我国的种类以朱砂叶螨为主，属蛛形纲、蜱螨目、叶螨科。分布广泛，食性杂，可危害110多种植物。',NULL,'物理防治 可在枣树发芽和枣红蜘蛛即将上树为害前(约4月下旬)，应用无毒不干粘虫胶在树干中涂一闭合粘胶环，环宽约1厘米，2个月左右再涂一次，即可阻止枣红蜘蛛向树上转移为害，效果可达95%以上。'),('21','白腐病','腐烂病、水烂或穗烂','果穗腐烂','病害','葡萄白腐病是葡萄的主要病害，在中国各地均有发生，北方产区果实损失率15-20%，严重高达60%以上，甚至绝收。南方高温高湿地区发病更加严重。','葡萄白腐病俗称腐烂病、水烂或穗烂，是由白腐垫壳孢侵染所引起的、发生在葡萄上的病害。主要危害果穗，也危害新梢、叶片等部位。白腐病是葡萄生长时期引起果实腐烂的最主要病害，高温多雨的夏秋季节是其多发期。发病后病果逐渐干缩，果粒或果穗易脱落，葡萄减产严重，病害大流行年份可能造成绝收。',NULL,'对重病果园，发病前将50%福美双粉剂、硫黄粉、碳酸钙混匀后撒在葡萄园地面上，每亩撒1-2千克，或用200倍液五氯酚钠、退菌特喷洒地面。'),('22','葡萄黑痘病','蛤蟆眼、火龙黑斑、鸟眼病','葡萄黑痘病主要危害葡萄的绿色幼嫩部位，如果实、果梗、叶片、叶柄、新梢和卷须等。','病害','葡萄黑痘病又称疮痂病，俗称蛤蟆眼、火龙黑斑、鸟眼病，是由葡萄痂囊腔菌侵染所引起的、发生在葡萄上的病害。主要危害葡萄的绿色幼嫩部位，如果实、果梗、叶片、叶柄、新梢和卷须等。','葡萄黑痘病又称疮痂病，俗称蛤蟆眼、火龙黑斑、鸟眼病，是由葡萄痂囊腔菌侵染所引起的、发生在葡萄上的病害。主要危害葡萄的绿色幼嫩部位，如果实、果梗、叶片、叶柄、新梢和卷须等。幼果受害，初期在果面上产生深褐色圆形小斑点，后扩大为圆形凹陷病斑，中部灰白色，外部深褐色，边缘紫褐色，似“鸟眼”状。葡萄黑痘病在中国各地均有发生。葡萄黑痘病的流行，和降雨、大气湿度及植株幼嫩情况有密切关系，尤以春季及初夏（4-6月）雨水多少的关系最大。多雨高湿有利于分生孢子的形成、传播和萌发侵入；同时，多雨、高湿，又造成寄主幼嫩组织的迅速成长，因此病害发生严重。天旱年份或少雨地区，发病显著减轻。葡萄黑痘病的发生时期因地区而异。',NULL,'由于葡萄黑痘病的无距离传播主要通过带病菌的苗木或插条，因此，葡萄园定西时应选择无病的苗木，或进行苗木消毒处理。常用的苗木消毒剂有：①10-15%的硫酸铵溶液；②3-5%的硫酸铜液；③硫酸亚铁硫酸液（10%的硫酸亚铁加1%的粗硫酸）；④3-5度波美的石硫合剂等。方法是将苗木或插条在上述任一种药液中浸泡3-5分钟取出即可定植或育苗。'),('23','蓟马','蓟虫','蓟马以成虫和若虫锉吸植株幼嫩组织（枝梢、叶片、花、果实等）汁液，被害的嫩叶、嫩梢变硬卷曲枯萎，植株生长缓慢，节间缩短。','虫害','蓟马是昆虫纲缨翅目的统称。幼虫呈白色、黄色、或橘色，成虫黄色、棕色或黑色；取食植物汁液或真菌。体微小，体长0.5-2mm，很少超过7mm。','蓟马科Thripidae隶属于缨翅目Thysanoptera蓟马总科Thripoidea，全世界已知276属2000余种，包括针蓟马亚科Panchaetothripinae、棍蓟马亚科Dendrothripinae、绢蓟马亚科Sericothripinae和蓟马亚Thripinae 4个亚科。 该科昆虫广泛分布在世界各地，食性复杂，主要有植食性、菌食性和捕食性，其中植食性占一半以上，是重要的经济害虫之一。',NULL,'水稻苗期蓟马、飞虱：推荐用噻虫嗪类品种，进口品种锐胜30%噻虫嗪悬浮种衣剂，国内试验品种百瑞35%噻虫嗪悬浮种衣剂；'),('24','金龟子','无','长椭圆形，背翅坚硬，体长约20mm，宽约10mm。羽化初期为红棕色。','虫害','金龟子是鞘翅目金龟总科(Scarabaeoidea)的通称。其幼虫(蛴螬)是主要地下害虫之一，危害严重，常将植物的幼苗咬断，导致枯黄死亡。多种成虫又是农作物、林木、果树的大害虫，因此，正确鉴定种类学名','金龟子是鞘翅目金龟总科(Scarabaeoidea)的通称。其幼虫(蛴螬)是主要地下害虫之一，危害严重，常将植物的幼苗咬断，导致枯黄死亡。多种成虫又是农作物、林木、果树的大害虫，因此，正确鉴定种类学名，研究和掌握其分类特征及生物学特性，对控制金龟子的危害，确保农、林业增产是至关重要的。金龟子的种类繁多，形态多样，是鞘翅目中大类群之一，全世界已记有20 000余种，我国目前已记录约1800种',NULL,'利用白僵菌，消灭幼虫；保护步行虫、青蛙、蟾蜍和鸟类，控制虫口密度上升。'),('25','霜霉病','无','主要危害叶片，由基部向上部叶发展。发病初期在叶面形成浅黄色近圆形至多角形病斑，容易并发角斑病。','病害','霜霉病指的是由真菌中的霜霉菌引起的植物病害。霜霉菌是专性寄生菌，极少数的霜霉菌已可人工培养，如引起谷子白发病的禾生指梗霉、引起白菜霜霉病的寄生霜霉。','霜霉病指的是由真菌中的霜霉菌引起的植物病害。霜霉菌是专性寄生菌，极少数的霜霉菌已可人工培养，如引起谷子白发病的禾生指梗霉、引起白菜霜霉病的寄生霜霉。',NULL,'一是重病田要实行2-3年轮作。施足腐熟的有机肥，提高植株抗病能力。二是合理密植，科学浇水，防止大水漫灌，以防病害随水流传播。加强放风，降低湿度。三是如发现被霜霉病菌侵染的病株，要及时拔除，带出田外烧毁或深埋，同时，撒施生石灰处理定植穴，防止病源扩散。收获时，彻底清除残株落叶，并将其带到田外深埋或烧毁。'),('26','软腐病','无','由细菌引起的软腐病常因伴随的杂菌分解蛋白胶产生吲哚而发生恶臭；由黑根霉引起的软腐病在病组织表面生有灰黑色霉状物。','病害','结球甘蓝易发病，且发病较重。在结球甘蓝包心期至贮藏期发生。包心期被害时，发病初外叶在晴天呈萎蔫状下垂，而阴天或早晚均能恢复正常状态。','结球甘蓝易发病，且发病较重。在结球甘蓝包心期至贮藏期发生。包心期被害时，发病初外叶在晴天呈萎蔫状下垂，而阴天或早晚均能恢复正常状态。随着病害不断加重，植株逐渐失去恢复能力而使整个或大部分叶片青枯。菜帮基部、茎基部或根上部先产生水渍状病斑，淡灰黄色，植物组织粘稠湿腐，成烂泥状，有恶臭味，病斑向上、下、左、右扩展蔓延，造成茎基和根、叶柄腐烂。',NULL,'提高栽培管理技术，加强农业防病措施：定植前土壤需深翻曝晒，前茬以豆类和葱蒜等作物最好；地势要排灌方便防止土壤粘重；适期播种定植，以避免包心期感病阶段与当地雨季相遇；缺水肥或蹲苗时间过长时，土壤于裂伤根或大水漫灌后幼苗猛长，叶柄上易产生自然裂口，常会给病菌侵染造成可乘之机，因此要增施底肥，及时灌水追肥，“一促到底”，不断清除病株烂叶，穴内施以消石灰进行灭菌。'),('27','菜粉蝶','菜青虫、白粉蝶','菜粉蝶属完全变态发育，分卵，幼虫，蛹，成虫四个阶段。','虫害','菜粉蝶，别名菜白蝶，幼虫又称菜青虫 [1]  ，是我国分布最普遍，危害最严重。','菜粉蝶，别名菜白蝶，幼虫又称菜青虫 [1]  ，是我国分布最普遍，危害最严重，经常成灾的害虫。已知的寄主植物有9科35种之多，嗜食十字花科植物，特别偏食厚叶片的甘蓝、花椰菜、白菜、萝卜等。在缺少十字花科植物时，也可取食其他寄主植物，如菊科、白花菜科、金莲花科、百合科、紫草科、木犀科等植物。',NULL,'注意天敌的自然控制作用，保护广赤眼蜂、微红绒茧蜂、凤蝶金小蜂等天敌。在绒茧蜂发生盛期用每克含活孢子数100亿以上的青虫菌，或Bt可湿性粉剂800倍液喷雾。'),('28','蚜虫','腻虫、蜜虫','体长1.5～4.9毫米，多数约2毫米。有时被蜡粉，但缺蜡片。触角6节，少数5节，罕见4节。','虫害','蚜虫，又称腻虫、蜜虫，是一类植食性昆虫，包括蚜总科（又称蚜虫总科，学名：Aphidoidea）下的所有成员。已经发现的蚜虫总共有10个科约4400种，其中多数属于蚜科。','蚜虫在世界范围内的分布十分广泛，但主要集中于温带地区。另外，物种的多样性在热带比在温带要低得多。蚜虫可以进行远程迁移，主要是通过随风飘荡的形式来进行扩散；例如，莴苣蚜虫被认为就是通过这种方式从新西兰传播到塔斯马尼亚。而一些人类活动也可以帮助蚜虫的迁移，例如对附着蚜虫的植物进行运输的过程。',NULL,'发现大量蚜虫时，及时喷施农药。用50%马拉松乳剂1000倍液，或 50%杀螟松乳剂1000倍液，或50%抗蚜威可湿性粉剂3000倍液，或2.5%溴氰菊酯乳剂3000倍液，或2.5%灭扫利乳剂3000倍液，或40%吡虫啉水溶剂1500～2000倍液等，喷洒植株1～2次；用1:6—1:8的比例配制辣椒水（煮半小时左右），或用1:20—1:30的比例配制洗衣粉水喷洒，或用1:20:400的比例配制洗衣粉、尿素、水混合溶液喷洒，连续喷洒植株2～3次；对桃粉蚜一类本身披有蜡粉的蚜虫，施用任何药剂时，均应加入1%肥皂水或洗衣粉,增加粘附力，提高防治效果。'),('3','水稻纹枯病','云纹病、花足秆、烂脚瘟、眉目斑','叶鞘染病在近水面处产生暗绿色水浸状边缘模','病害','水稻纹枯病是由立枯丝核菌侵染所引起的、发生在水稻上的病害。该病主要发生在叶鞘和叶片上。发病初期，先在近水面的叶鞘上发生椭圆形暗绿色的水渍状病斑，以后逐渐扩大成为云纹状，中部灰白色，潮湿时变为灰绿色。','水稻纹枯病在中国稻区为害严重，主要分布在浙江、江苏、福建、广东、广西、湖南、湖北和台湾等省。该病多在高温、高湿条件下发生。水稻纹枯病的防治方法主要分为农业防治和药剂防治，药剂防治主要选用井冈霉素、甲基硫菌灵等进行防治。',NULL,'井冈霉素与枯草芽孢杆菌或蜡质芽孢杆菌的复配剂如纹曲宁等药剂，持效期比井冈霉素长，可以选用。丙环唑、烯唑醇、己唑醇等部分唑类杀菌剂对水稻纹枯病防治效果好，持效期较长。烯唑醇、丙环唑等唑类杀菌剂对水稻体内的赤霉素形成有影响，能抑制水稻茎节拔长。但这些杀菌农药在水稻上部3个拔长节间拔长期使用，特别是超量使用，可能影响这些节间的拔长，严重的可造成水稻抽穗不良，出现包颈现象，其中烯唑醇等药制的抑制作用更为明显。高科恶霉灵或苯醚甲环唑与丙环唑或腈菌唑等三唑类的复配剂在水稻抽穗前后可以使用。'),('4','稻螟虫','水稻钻心虫','三化螟雄蛾翅展18～23毫米，前翅灰褐色','虫害','稻螟虫，昆虫纲鳞翅目(Lepidoptera)螟蛾科蛀禾螟属的一种昆虫。 水稻害虫。俗名水稻钻心虫。','稻螟虫rice stem borers   稻的害虫。属鳞翅目。中国的常见种类有：螟蛾科的三化螟、褐边螟、二化螟、台湾稻螟和夜蛾科的大螟。三化螟、二化螟和大螟是水稻的历史性大害虫。    在中国，三化螟主要分布在北纬37°～38°以南各稻区；',NULL,'一般在秋播时有计划地将绿肥留种田、迟熟冬作田，安排在旱地或螟害较轻的晚稻田上。冬耕冬沤，提早春耕灌水，使稻螟在预蛹期被淹死，从而压低有效虫源基数。选用螟害较轻的田块作绿肥田，以减少越冬虫源。合理布局，避免单、双季稻混栽和多品种插花种植，选种抗螟水稻品种和采取适宜的栽培技术。'),('5','稻瘿蚊','稻瘿蝇','似葫芦状，中间收缩，好像2节。中胸小盾板','虫害','稻瘿蚊，学名 Orseoia oryzae (Wood-Mason) ，双翅目，瘿蚊科的一种昆虫。别名 稻瘿蝇。','在幼虫期吸食水稻生长点汁液，致使水稻不能抽穗。现分布于广东、广西、福建、云南、贵州、海南、江西、湖南、台湾。据江西广昌县观察，该虫从石城县进入广昌县以后，每年仍以10一20km的速度向北蔓延。寄主 水稻、李氏禾等。',NULL,'利用抗性资源，示范推广种植抗蚊品种如植选一号等。⑥注意保护利用天敌。⑧科学用药。秧田用药防治主要采用毒土畦面撒施方法。于秧苗起针到二叶一针期或移栽前5—7天，每667平方米用10%益舒宝或5%爱卡士、3%米乐尔颗粒剂1.25—1.5kg，也可用3%呋喃丹或3%甲基异柳磷颗粒剂3.5—4kg拌土10一15kg均匀撒施。施药秧田要保持浅薄水层，并让其自然落干，让田土带药，为了防止秧苗带虫，用90%晶体敌百虫800倍液或40%乐果乳油500倍液浸秧根后用薄膜覆盖5小时后移栽。'),('6','灰飞虱','蛔虫','头顶与前胸背板黄色雌虫则中部淡黄色，两侧暗褐色。前翅近于透明，具翅斑。胸、腹部腹面雄虫为黑褐色，雌虫色黄褐色，足皆淡褐色。','虫害','水稻灰飞虱，学名Laodelphax striatellus(Fallen)，属于同翅目，飞虱科。分布在中国各省，长江中下游和华北发生多。','灰飞虱 Laodelphax striatellus ，是指属于同翅目飞虱科灰飞虱属的一种。主要分布区域，南自海南岛，北至黑龙江，东自台湾省和东部沿海各地，西至新疆均有发生，以长江中下游和华北地区发生较多。灰飞虱也是上海郊区普遍发生的稻飞虱,其危害方式与褐飞虱、白背飞虱类似。由于寄主是各种草坪禾草及水稻、麦类、玉米、稗等禾本科植物，所以对农业危害很大。是近年来间歇性大发生的害虫。它的带毒个体与稻、麦、玉米病毒病的流行直接有关。一般冬季气候温暖、春季比较干旱,是第一代灰飞虱大发生的预兆。',NULL,'根据水稻品种类型和飞虱发生情况，采取重点防治主害代低龄若虫高峰期的防治对策，如果成虫迁入量特别大而集中的年份和地区，采取防治迁入峰成虫和主害代低龄若虫高峰期相结合的对策。防治药剂：70%吡虫啉（高搏），20%吡蚜酮，0.5%藜芦碱可湿性粉剂，90%敌敌畏等常规防治'),('7','黑穗病','散黑穗病','丝黑穗病在抽穗后症状明显，病株一般较矮，抽穗前病穗的下部膨大苞叶紧实。','病害','黑穗病是高粱玉米等植物上发生普遍的病害，它包括丝黑穗病、散黑穗病、坚黑穗病。','黑穗病是高粱玉米等植物上发生普遍的病害，它包括丝黑穗病、散黑穗病、坚黑穗病。',NULL,'提倡适期晚播，争取早出苗、出全苗。及时砍倒病株，在灰包破裂之前，将病株砍倒拉出地外集中销毁。'),('8','玉米炭疽病','无','病斑梭形至近梭形，中央浅褐色，四周深褐色。','病害','玉米炭疽病（corn anthracnose) 是一种针对玉米发作的真菌性病害。这是一个常见的玉米病害. 病原菌侵染玉米叶片和茎杆, 引起玉米茎基腐，造成玉米减产。','玉米炭疽病（corn anthracnose) 是一种针对玉米发作的真菌性病害。这是一个常见的玉米病害. 病原菌侵染玉米叶片和茎杆, 引起玉米茎基腐，造成玉米减产。\n	危害的真菌为禾生炭疽菌 (Colletotrichum graminicola)，属于半知菌亚门。主要为害叶片：病斑梭形至近梭形，中央浅褐色，四周深褐色，大小2～4×1～2（mm），病部生有黑色小粒点，即病菌分生孢子盘，后期病斑融合，致叶片枯死。',NULL,'选用抗病品种。 垦粘2号、渝糯1号、西玉7号、白粘早玉米、黄粘早玉米等优良品种。'),('9','玉米叶斑病','无','主要为害叶片和苞叶。病斑不规则、透光，中央灰白色，边缘褐色。','病害','主要为害叶片和苞叶。病斑不规则、透光，中央灰白色，边缘褐色，上生黑色小点，即病原菌的子囊座。分布在吉林、辽宁、河南等省。','主要为害叶片和苞叶。病斑不规则、透光，中央灰白色，边缘褐色，上生黑色小点，即病原菌的子囊座。分布在吉林、辽宁、河南等省。',NULL,'结合防治玉米其它叶斑病，及早喷洒75%百菌清可湿性粉剂1000倍液加70%甲基硫菌灵可湿性粉剂1000倍液或75%百菌清可湿性粉剂1000倍液加70%代森锰锌可湿性粉剂1000倍液、40%多·硫悬浮剂500倍液、50%复方硫菌灵可湿性粉剂800倍液，隔10天左右1次，连续防治1～2次。');


/*Table structure for table `effective` */

DROP TABLE IF EXISTS `preventiontreatment`;

CREATE TABLE `preventiontreatment` (
  `id` varchar(20) NOT NULL,
  `name` varchar(20) DEFAULT NULL,
  `preventmethod` varchar(500) DEFAULT NULL,
  `did` varchar(20) DEFAULT NULL,
  PRIMARY KEY (`id`),
  KEY `did` (`did`),
  CONSTRAINT `preventiontreatment_ibfk_1` FOREIGN KEY (`did`) REFERENCES `diseasespests` (`did`)
) ENGINE=InnoDB DEFAULT CHARSET=utf8;

/*Data for the table `preventiontreatment` */

insert  into `preventiontreatment`(`id`,`name`,`preventmethod`,`did`) values ('1','选用抗病品种，培育优质秧苗','种植户要意识到选种的关键性，选择抗病性较强的优质品种种植培育，确保种子同时具有良好的丰产性、品质型、适应性和抗逆性，在根源处提升水稻自身抵御稻瘟病感染的能力，预防稻瘟病发生。\n将优质品种种子使用5000倍液的灵乳油（浓度10%）进行消毒浸润处理，将表面病菌消除干净，浸润时间五天左右，经过浸润的种子直接进入到接下来的催芽处理中，不用再次清洗。在优质秧苗培育中，为了提升栽培技术水平，可以向当地农业部门申请农业技术员到户培训的方式，在实际种植基地进行优质秧苗栽培技术指导，提升育秧的规范化、标准化，进一步提高壮苗率，减少稻瘟病发生几率。','1'),('10','农业防治','一般在秋播时有计划地将绿肥留种田、迟熟冬作田，安排在旱地或螟害较轻的晚稻田上。冬耕冬沤，提早春耕灌水，使稻螟在预蛹期被淹死，从而压低有效虫源基数。选用螟害较轻的田块作绿肥田，以减少越冬虫源。合理布局，避免单、双季稻混栽和多品种插花种植，选种抗螟水稻品种和采取适宜的栽培技术，如调节水稻插植期、合理施肥灌水，使水稻危险生育期与螟虫盛孵期错开，稻株生长整齐；及时夏收翻耕灭茬，以破坏虫蛹；避免偏施氮肥，增进水稻抗（耐）性等也可减轻为害。其他防治措施包括在盛孵期施用杀螟松、杀虫双、巴丹、或亚胺硫磷，对二化螟和大螟施用敌百虫等农药以及保护和利用天敌等。','4'),('11','药剂防治','掌握在幼虫初龄使用药剂防治，可选用90%敌百虫结晶或80%敌敌畏乳油，或25%喹硫磷800~1000倍液喷雾，或每亩用18%杀虫双250~300毫升或30%乙酰甲胺磷120~160毫升兑水40~50公斤喷雾。或每亩用甲敌粉1.5~2公斤喷粉。','4'),('12','栽培治螟','二化螟初孵虫危害水稻叶鞘，可在其开始盛孵时将田水排低到3厘米以下，使蚁螟危害叶鞘的部位降低，到孵化高峰和孵化末期各灌深水一次，水深12～15厘米，淹没叶鞘保持2～3天，以起到杀虫作用。在化蛹期可采用同样的方法杀蛹。','4'),('13','喷洒农药','本田防治在本田禾苗回青后到有效分蘖期，即播后7—20天内施药。一般只对有效分蘖期与稻瘿蚊入侵期相吻合的田块实行重点施药防治。药肥兼施，以药杀虫，以肥攻蘖，促蘖成穗。用药方法同秧田期，但应适当增加用药量。注意选用内吸传导性强兼杀卵的杀虫剂。用工农16型喷雾器加满水加入30%杀虫王5ml或加入20%杀敌宝5ml喷洒，也可选用40%氧化乐果或40%乐果、50%甲胺磷乳油1000倍液、36%克蜗蝇乳油1000—1500倍液喷洒，每667m2喷对好的药液50一60kg，防治稻瘦蚊，兼治稻秆蝇，防效90%一95%。','5'),('14','及时耙沤已收早稻田块','加强农业防治和健身控害栽培,及时耙沤已收早稻田块，铲除田基、沟边杂草，用烂泥糊田埂等，可消灭蓉草、稻根腋芽及再生稻上的虫源，减少虫口基数。合理搭配种植中、早熟杂交稻。如汕桂34、博优49等组合。','5'),('15','调节水稻播插期','调节水稻播插期以错开稻瘿蚊的盛发期，可以减低其为害。稻田施足基肥，早施追肥，使禾苗早生快发，减少无效分蘖，及时排水晒田，加强栽培管理，加速幼穗分化形成，可以抑制稻瘿蚊的入侵。','5'),('16','农业防治','选用抗（耐）虫水稻品种，进行科学肥水管理，创造不利于白背飞虱孳生繁殖的生态条件。','6'),('17','生物防治','白背飞虱各虫期寄生性和捕食性天敌种类较多，除寄生蜂、黑肩绿盲蝽、瓢虫等外，还有蜘蛛、线虫、菌类对白背虱的发生有很大的抑制作用。保护利用好天敌，对控制白背飞虱的发生为害能起到明显的效果。','6'),('18','化学防治','根据水稻品种类型和飞虱发生情况，采取重点防治主害代低龄若虫高峰期的防治对策，如果成虫迁入量特别大而集中的年份和地区，采取防治迁入峰成虫和主害代低龄若虫高峰期相结合的对策。','6'),('19','选育抗病品种','多年实验及生产实践表明，我国玉米丝黑穗病不存在明显的生理分化。凡高抗的自交系或杂交种在全国各地区表现高抗，如中单2号；凡高感的自交系或杂交种均表现高感，这为利用抗病品种，提供了良好条件。发病严重的地区可以根据当地的气候情况，适当选用既抗大、小斑病，又抗丝黑穗病的杂交种或品种。重病田更换抗病品种，当年即可收到降低发病率，有效地控制危害的效果。在利用抗病品种中，应搞好多种抗原的合理搭配，防止品种单一化带来的病菌小种或其它病害。','7'),('2','肥水管理技术措施','种植户结合水稻品种发育中各个阶段的肥料需求情况，在不同的培育时期科学合理的采取针对性施肥、灌溉技术，综合考虑水稻的地力水平、品种特点，严格控制氮肥在肥料配比中的分量，按照相关施肥技术标准要求，配备适合的基肥，保证水稻生长能够从肥料中汲取种类齐全的各种营养素。\n观察水稻生长状况，以此为依据抓准追肥时机，提升水稻抗病性能，起到良好的防止稻瘟病效用。此外，结合水稻种植情况科学晒田排水，促使水稻根系能够具备良好的吸收能力，为水稻萌发成长提供便利条件，从而培育出具备老健茎叶、正常落黄且抗病能力强的优质水稻。','1'),('20','药剂拌种','药剂拌种，在70年代后期，残效期长、内吸性强的三唑类杀菌剂的投产，为种子处理防治玉米丝黑穗病提供了可能性。先后在生产上推广应用的药剂有三唑酮（粉锈宁）、三唑醇（羟锈宁）以及烯唑酮（速保利）等。','7'),('21','改进栽培措施','玉米丝黑穗病主要是土壤、粪肥传病，土壤中病菌厚垣孢子积累越多发病越重。因地制宜采取栽培措施，促进幼苗健壮生长，并尽量减少侵染来源，可以减轻发病。这些栽培措施对某些当地无高抗品种或又无药剂拌种的边远山区尤为重要。','7'),('22','农业防治','1、选用抗病品种。 垦粘2号、渝糯1号、西玉7号、白粘早玉米、黄粘早玉米等优良品种。2、实行3年以上轮作，深翻土壤，及时中耕，提高地温。3、施用日本酵素菌沤制的堆肥或腐熟有机肥。 [1] 4、和非本科作物轮作，水旱轮作最好。5、选用抗病品种，选用无病、包衣的种子，如未包衣则种子须用拌种剂或浸种剂灭菌。6、适时早播，早移栽、早间苗、早培土、早施肥，及时中耕培土，培育壮苗。','8'),('23','生物防治','80%抗菌剂402水剂5000倍液浸种24小时后，捞出晾干即可播种。发病时喷施2亿活芽孢/ml假单胞杆菌水剂（叶扶力）500～800倍液。80%抗菌剂402水剂8000倍液。','8'),('24','化学防治','用种子重量用种子0.2%的10%二硫氰基甲烷（浸种灵）拌种，堆闷24～48小时后播种。用种子重量0.7%的50%萎锈灵或50%敌克松或40%拌种双或50%多菌灵拌种。用5%根保种衣剂拌种，拌种方法：先把药剂加适量水喷在种子上拌匀，再堆闷4～8小时后直接播种。','8'),('25','选用高抵抗力种子','选种是所有农作物最开始，也是最为关键的一步，一步错，步步错，要是没有选好种子，后面的所有过程都会变的很艰难，所以第一步就是要选好种。现在抵抗力好，抗病性强的玉米种品种有沈137、鲁单981等，使用这种种子可以使玉米在生长过程中受到病害的几率大大降低，还可以把病毒侵染源给直接排除在外。','9'),('26','及时清除收货后的残枝叶','很多农民觉得玉米收成之后就大功告成了，于是就开始什么都不管，殊不知这个时候还有很重要的一步，就是要及时的把收成之后的玉米地给清理干净，把地里面还残留的残枝残叶都收拾干净，以免这些残枝残叶会对地下的土壤造成污染，变成侵染源，最好还要把玉米桔杆给切碎并煮熟，让杆上的细菌在高温的烘烤下死亡。在处理过后还可以把它当做化肥来使用，是一种很好的肥料。','9'),('27','合理施肥','施肥不能一次性施用过多，也不能施用太少，要注意适量适时，最好是分次的施用化肥，而且要把化肥和有机肥料配合使用，每500千克的玉米产地大概一次性需要施用1500-2000千克的化肥，要是化肥施的好，抗病能力都可以大大提高。','9'),('28','药剂防治','播种50%辛硫磷 0.5-0.75公斤对水1000-1500公斤淋施蔗苗行间。留宿根的蔗田，蔗大培土时用上述药剂施于蔗头处再培土。','10'),('29','探耕','当化蛹时，深耕达26-33厘米，可把蛹及幼虫暴露于泥表或直接杀人工捕捉，在蔗头附近，挖开松碎泥土3～7厘米捕捉成虫或深翻蔗头捉幼虫。','10'),('3','加强田间管理','首先，将发生过水稻稻瘟病种植基地的秸秆按照科学方式进行处理，避免病菌源在秸秆上越冬次年继续侵蚀水稻。其次，提高田间管理标准，引进先进的土壤质量检查、病虫害预测技术，确保可以及时发现水稻发育中存在的稻瘟病隐患问题，做到防范于未然。最后，针对插秧环节，不可盲目追求单位面积的种植密度，而是要保证稻苗植株适当的间距，从长远发展和长期收获效益角度出发，保证插秧质量，定期清除杂草杂物，不给病菌传播创设条件。','1'),('30','灌水','驱捕成虫或淹死幼虫，5月份成虫盛发时，有条件的可放水漫过畦面十分钟，待成虫浮于水面再用人工捕捉或直接浸死幼虫。','10'),('31','农业防治','天气干旱时要注意灌溉并合理施肥,减轻为害。','11'),('32','药剂防治','大发生情况下用有25%抗螨23乳油 500～600倍液，或73%克螨特乳油 1 000～2 000倍液，或25%灭螨猛可湿性粉剂 1 000～1 500倍液，或20%甲氰菊酯乳油 2 000倍液，或2.5%天王星乳油 3 000倍液，或5%尼索朗乳油 2 000倍液，或20%双甲脒乳油 1 000～1 500倍液，或1.8%阿维菌素乳油，或10%吡虫啉可湿性粉剂 1 500倍液，或25%的辉丰快克乳油 等1 500～2 000倍，15%哒螨灵乳油 2 500倍液喷雾每隔10天左右1次，连续防治2～3次。','11'),('33','化学防治','虫口密度大或有可能大发生的地块及时喷洒20%丁硫克百威乳油或10%吡虫啉可湿性粉剂、1，8%爱比菌素乳油、10%除尽乳油2000倍液、40%氧化乐果乳油1500倍液、25%辉丰快克乳油1500—2000倍液。','11'),('34','生物诱杀成虫','利用成虫（夜蛾科）其成虫交配产卵前需要采食以补充能量的生物习性，采用具有其成虫喜欢气味配比出来的诱饵，配合少量杀虫剂进行生物诱杀。可以减少90%以上的化学农药使用量，大量诱杀成虫可以大大减少落卵量及幼虫危害。只需80～100米左右喷洒一行，大大减少人工成本，同时减少化学农药对食品以及环境的影响。','12'),('35','物理诱杀成虫','利用成虫多在禾谷类作物叶上产卵习性，在麦田插谷草把或稻草把，每亩（667㎡）60～100个，每5天更换新草把，把换下的草把集中烧毁。此外也可用糖醋盆、黑光灯等诱杀成虫，压低虫口。','12'),('36','生物防治','利用其成虫交配产卵前需要采食以补充能量的生物习性，采用具有其成虫喜欢的食物配以少量化学农药进行生物诱杀（bioattact）。类似食诱剂诱杀技术在新疆生产建设兵团第4师、第六师、第八师等地均有应用。','12'),('37','控制温度','在尤其是要注意控制棚内温度不宜过高，不宜长时间超过35度，可以通过大水漫灌、拉遮阳网、喷降温剂等措施进行降温。','13'),('38','科学施肥','在西红柿生产中要合理施肥，注重有机肥的施用，确保原因均衡，当植株缺乏微量元素时，可以通过叶面喷肥的方式进行补充，比如在果期喷施低浓度的硼砂溶液，能促进果实膨大，通过品种和产量。','13'),('39','合理使用蘸花药','蘸花时要注意蘸花药的浓度，随温度的升高而降低药剂浓度，反之温度较低则可以适当的增加浓度，一般而言，点花要2,4-D的使用浓度为10~20ppm，并且越往上的几穗花蘸花药浓度越低。','13'),('4','设立大田预测圃观察病期','在常发病田块，选择低洼肥沃的田块，种植当地有代表性的感病品种及主要栽培稻种，多施氮肥和长期灌溉，制造适于发病条件。在常年发病始期勤检查，发现中心病株，对急性型病斑出现（病叶上菌脓较多可按雨量、雨日、暴风等）情况进行预报。','2'),('40','抗病品种的选用','首选果皮较光滑，果实较尖的品种，这类通常具有较强的抗病性能，在易发地区推荐选用，如长春1号，橘黄佳櫈等品种。','14'),('41','科学施肥','补充钙素、施足基肥、合理配合。土壤缺钙时，每亩用消石灰或碳酸钙50千克均匀撒于地面并翻入耕层中。施足腐熟的农家肥人粪尿或鸡粪，增加追肥中的氮肥，并降低基肥氮的使用率。在番茄施氮时，若纯氮施用超过30千克/亩，就会导致脐腐病发病严重，所以控制氮肥用量成为了番茄增产的关键。另外，钙磷与钙钾合理配合，可显著提高番茄吸收总钙量和实吸钙量，改善番茄果实的品质。','14'),('42','采用根外追施钙肥技术','番茄结果后1个月，是吸收钙的黄金时期。这时可喷洒1%的过磷酸钙，或者选用0.5%氯化钙加5毫克/千克萘乙酸、0.1%硝酸钙及爱多收6000倍液。每次间隔15天，连续喷洒2-3次。值得注意的是使用氯化钙及硝酸钙时，不可与含硫的农药及磷酸盐（如磷酸二氢钾）混合使用，以免产生沉淀。','14'),('43','农业防治','种植抗虫品种，如转Bt基因抗虫棉。合理布局作物。棉花与小麦、油菜、玉米等合理间作套种或插花种植，可以丰富棉田天敌资源。耕地灭蛹。冬季深翻冬灌，破坏蛹室，结合冬灌，可使越冬蛹窒息死亡。麦收后及时中耕灭茬，可降低成虫的羽化率。','15'),('44','诱杀成虫','灯光诱杀。成虫对黑光灯、高压汞灯有较强的趋性，特别是高压汞灯的有效诱杀半径约80~160m。杨树枝把诱蛾。性诱剂诱蛾。','15'),('45','生物防治','保护自然天敌。应尽量减少农药的使用和改进施药方式，减少对天敌的杀伤，发挥自然天敌对棉铃虫的控制作用。喷洒生物农药，如Bt乳剂、核多角体病毒（NPV）、雷公藤精乳油等。','15'),('46','农业防治','培育“无虫苗” 育苗时把苗床和生产温室分开，育苗前苗房进行熏蒸消毒，消灭残余虫口；清除杂草、残株，通风口增设尼龙纱或防虫网等，以防外来虫源侵入。合理种植避免混栽 避免黄瓜、番茄、菜豆等白粉虱喜食的蔬菜混栽，提倡第一茬种植芹菜、甜椒、油菜等白粉虱不喜食、为害较轻的蔬菜。二茬再种黄瓜、番茄。加强栽培管理 结合整枝打权，摘除老叶并烧毁或深埋，可减少虫口数量。','16'),('47','生物防治','采用人工释放丽蚜小蜂、中华草蛉和轮枝菌等天敌可防治白粉虱。当番茄平均每株白粉虱成虫在0.5头以下时，每隔2周连续3次释放丽蚜小蜂每株共15头，可控制白粉虱的发生为害。','16'),('48','化学防治','药剂防治应在虫口密度较低时早期施用，可选用25%噻嗪酮(扑虱灵)可湿性粉剂1000～1500倍液、10%联苯菊酯(天王星)乳油2000倍液、2.5%溴氰菊酯(敌杀死)乳油2000倍液、20%氰戊菊酯(速灭杀丁)乳油2000倍液、2.5%三氟氯氰菊酯(功夫)乳油3000倍液、灭扫利乳油2000～3000倍液等，每隔7～10天喷1次，连续防治3次。','16'),('49','防治木虱','注意防治木虱，防止木虱传播病毒。从健康无病植株上采集接穗进行嫁接。建立无病苗圃，培育无病苗木。砧木和种子均要从无病区无病株上采集。','17'),('5','用噬菌体检测田间菌量','稻田水中的噬菌体消长与病菌的消长是一致的，即病菌开始繁殖增加，噬菌体也随之上升，病菌数量减少，噬菌体也随之降低。如定期测定稻田水及稻株中的噬菌体的消长，则能了解白叶枯病的动态，及时指导防治。','2'),('50','烧毁消毒','病株枝叶集中园外深埋或烧毁、以减少病源虫源，减轻蔓延。发现病株，必须及时挖队，并在病穴内撒施熟石灰粉进行消毒。','17'),('51','药物防治','在柑橘生长发育过程中，特别是新梢抽生期，应及时喷洒1000倍48%毒死蜱水溶液，或1000倍5%阿维菌素水溶液、1500倍20%噻虫嗪水溶液、1500倍0.5%藜芦碱水溶液等进行防治木虱，减少病菌传播。在冬季及时喷洒一次0.8-1波美度的石硫合剂水溶液，或15-20倍松脂合剂水溶液，以消灭吸附在植株上越冬的木虱。及时防治传播病害的木虱。','17'),('52','严格调运检疫','禁止从柑桔溃疡病区调运苗木、接穗和砧木种子；禁止从病区运入鲜果销售，一旦发现应立即彻底烧毁。','18'),('53','建立无病苗圃','在病区，无病苗圃设在远离柑桔园（≥2000米）并有荒山树林隔离的地块。育苗时，接穗和砧木种子需从无病区或无病树上采集，对可能带病的应进行严格消毒，用克菌特800倍液或用700单位/毫升农用链霉素加1%的酒精，浸泡30-60分钟；或用3%的硫酸亚铁浸泡10分钟。严禁从病区调进苗木、接穗和果实；发现病株及时拔除烧毁，并注意喷药保护，以培育无病苗木。','18'),('54','加强栽培管理','在晴天剪除病枝、病叶及病果，带出园外集中烧毁。凡是冬季进行了修剪的苗木，其溃疡病发生就少，没有修剪的就发病多。修剪不单是剪除了病枝病叶和衰弱枝，而且打开了光照。阳光雨露也是好肥料，同时也是杀菌剂。挂果大树采用大枝修剪法，即俗称的“开天窗、挖侧门、脱裙子”。','18'),('55','农业防治','防治烟粉虱的重要调节措施是农业措施，通过调整农作物的种植期、施肥量、种植制度等，或改变农田周围环境，达到不利于烟粉虱发生或病毒传播的目的，从而减轻其危害。在农业防治中，要注意为害或侵染来源的清除。根据烟粉虱在我国北方保护地越冬的特点，可以在保护地秋冬茬时种植烟粉虱不喜好的半耐寒性叶菜，这样就可以切断烟粉虱的自然生活史。应避免在冬春季加温苗房内混栽，培育无虫苗等都是重要的农业措施。调节播种期也是避免烟粉虱危害的有效措施，适当早播春季敏感作物，晚播秋季温室敏感作物，可以在一定程度上减轻烟粉虱为害。农业防治的另一重要措施就是培育抗性品种。适宜的抗虫品种可以增强植株抵抗力，减轻烟粉虱为害程度或增强对虫传病毒的耐受力。','19'),('56','物理防治','对温室作物而言，可应用防虫网来阻止粉虱进入；烟粉虱对黄色有强烈趋性，可在温室内设置黄板诱杀成虫；也有利用苘麻进行诱集防治的报道。另外一种减少农药使用次数、延缓害虫抗药性产生的方法就是高温闷杀法。该方法的具体处理方法是：温度在 45-48 ℃左右，相对湿度 90 %以上，保持 2h 的闷棚时间，这样处理烟粉虱可使其死亡率达到 100%。','19'),('57','生物防治','烟粉虱的天敌资源丰富，其寄生性天敌有膜翅目昆虫，捕食性天敌有鞘翅目、膜翅目、半翅目昆虫和捕食螨类等，以及一些寄生真菌。据不完全统计，在世界范围内，烟粉虱有寄生性天敌 45 种（恩蚜小峰属（Encarsia）和浆角蚜小蜂属（Eretmocerus，等），捕食性天敌 62 种（瓢虫、草蛉和花蝽等）和虫生真菌 7 种（拟青霉、轮枝菌和座壳孢菌等）。荷兰和英国释放丽蚜小蜂（Encarsia formosa）并配合使用扑虱灵，可有效控制烟粉虱达 10 周之久。东方蚜小蜂对银叶粉虱具有较高的抑制能力。','19'),('58','化学防治','使用10%苯丁哒螨灵乳油(如国光红杀)1000倍液或10%苯丁哒螨灵乳油(如国光红杀)1000倍液+5.7%甲维盐乳油（如国光乐克）3000倍液混合后喷雾防治，建议连用2次，间隔7-10天。','20'),('59','农业防治','人工防治在越冬卵孵化前刮树皮并集中烧毁，刮皮后在树干涂白(石灰水)杀死大部分越冬卵。农业防治根据红蜘蛛越冬卵孵化规律和孵化后首先在杂草上取食繁殖的习性，早春进行翻地，清除地面杂草，保持越冬卵孵化期间田间没有杂草，使红蜘蛛因找不到食物而死亡','20'),('6','农业防治','加强栽培管理：秧田要选择在地势较高、排灌方便、远离病源的无病田或同田，采用旱育秧。必要时秧苗期可喷药两次，以防止或减少秧苗带菌。施肥要注意氮、磷、钾的配合，基肥应以有机肥为主，后期慎用氮肥；绿肥或其他有机肥过多的田，可施用适量石灰和草木灰。要浅水勤灌，适时适度搁田，严防秧苗淹水，铲除田边杂草。这些都有减轻发病的作用。','2'),('60','生物防治','田间枣红蜘蛛的种类很多，据调查主要有中华草蛉、食螨瓢虫和捕食螨类等，其中优以中华草蛉种群数量较多，对枣红蜘蛛的捕食量较大，保护和增加天敌数量可增强其对枣红蜘蛛种群的控制作用。','20'),('62','农业防治','及时清除菌源：生长季及时剪除病果、病叶和病蔓，落叶后结合冬剪彻底清除病穗、病枝、病叶、病粒，带出园外集中处理，减少当年再侵染菌源。','21'),('63','化学防治','可选择药剂有43%戊唑醇（好力克）悬浮剂2500-3000倍液、80%代森锰锌可湿性粉剂600-800倍液、70%甲基硫菌灵可湿性粉剂1000倍液、50%退菌特可湿性粉剂800-1000倍液、50%福美双可湿性粉剂500-600倍液、50%异菌脲（扑海因）可湿性粉剂1000-1500倍液等。注意，不套袋葡萄尽量不要使用代森锰锌、多菌灵、福双美、退菌特等药剂，以免污染果面或对幼果造成药害。','21'),('64','加强栽培管理','科学施肥灌水、防治病虫、合理负载，增强树体抗病能力。通过摘心、抹芽、绑蔓、摘副梢、中耕除草、雨季排水、适时套袋等经常性田间管理工作降低果园湿度，保持葡萄园通风透光。科学疏花疏果。','21'),('65','苗木消毒','由于葡萄黑痘病的无距离传播主要通过带病菌的苗木或插条，因此，葡萄园定西时应选择无病的苗木，或进行苗木消毒处理。常用的苗木消毒剂有：①10-15%的硫酸铵溶液；②3-5%的硫酸铜液；③硫酸亚铁硫酸液（10%的硫酸亚铁加1%的粗硫酸）；④3-5度波美的石硫合剂等。方法是将苗木或插条在上述任一种药液中浸泡3-5分钟取出即可定植或育苗。','22'),('66','彻底清园','由于葡萄黑痘病的初侵染主要来自病残体上越冬的菌丝体，因此，做好冬季的清园工作，减少次年初侵染的菌源数量和减缓病情的发展有重要的意义。冬季进行修剪时，剪除病枝梢及残存的病果，刮除病、老树皮，彻底清除果园内的枯枝、落叶、烂果等。然后集中烧毁。再用铲除剂喷布树体及树干四周的土面。常用的铲除剂有：①3-5度波美的石硫合剂；②80%五氯酚原粉稀释200-300倍水，加3度波美石硫合剂混合液；③10%硫酸亚铁加1%粗硫酸。喷药时期以葡萄芽鳞膨大，但尚未出现绿色组织时为好。过晚喷洒会发生药害，过早效果较差。','22'),('67','利用抗病品种','不同品种对葡萄黑痘病的抗性差异明显，葡萄园定植前应考虑当地生产条件，技术水平，选择适于当地种植，具有较高商品价值，且比较抗病的品种。如巨峰品种，对葡萄黑痘病属中抗类型，其它如康拜尔、玫瑰露、吉丰14、白香蕉等也较抗病葡萄黑痘病，可根据各地的情况选用。','22'),('68','农业防治','早春清除田间杂草和枯枝残叶，集中烧毁或深埋，消灭越冬成虫和若虫。加强肥水管理，促使植株生长健壮，减轻危害。','23'),('69','物理防治','利用蓟马趋蓝色、黄色的习性，在田间设置蓝色粘板，诱杀成虫，粘板高度与作物持平。','23'),('7','农业防治','打捞菌核，减少菌源。要每季大面积打捞并带出田外深埋。加强栽培管理，施足基肥，追肥早施，不可偏施氮肥，增施磷钾肥，采用配方施肥技术，使水稻前期不披叶，中期不徒长，后期不贪青。灌水做到分蘖浅水、够苗露田、晒田促根、肥田重晒、瘦田轻晒、长穗湿润、不早断水、防止早衰，要掌握“前浅、中晒、后湿润”的原则。','3'),('70','化学防治','水稻苗期蓟马、飞虱：推荐用噻虫嗪类品种，进口品种锐胜30%噻虫嗪悬浮种衣剂，国内试验品种百瑞35%噻虫嗪悬浮种衣剂；','23'),('71','人工治理','利用其趋光性用灯光诱杀。该虫有假死性，可震落杀死。幼虫期灌水，使幼虫窒息而死。','24'),('72','化学防治','果树开花和大葱开花时，进行人工捕杀，在果树含苞未放，即开花前2~3d，用3%高效氯氢菊酯微胶囊悬浮液或2%噻虫啉微胶囊悬浮液500~600倍液喷洒，在虫源地，用敌敌畏500~800倍液灌地，进行土壤处理，消灭幼虫','24'),('73','生物防治','利用白僵菌，消灭幼虫；保护步行虫、青蛙、蟾蜍和鸟类，控制虫口密度上升。','24'),('74','农业防治','一是重病田要实行2-3年轮作。施足腐熟的有机肥，提高植株抗病能力。二是合理密植，科学浇水，防止大水漫灌，以防病害随水流传播。加强放风，降低湿度。三是如发现被霜霉病菌侵染的病株，要及时拔除，带出田外烧毁或深埋，同时，撒施生石灰处理定植穴，防止病源扩散。收获时，彻底清除残株落叶，并将其带到田外深埋或烧毁。','25'),('75','药剂防治','可以在发病初期用75%百菌清可湿性粉剂500倍液喷雾，发病较重时用58%甲霜·锰锌可湿性粉剂500倍液或69%烯酰·锰锌可湿性粉剂800倍液喷雾。隔7天喷一次，连续防治2~3次，可有效控制霜霉病的蔓延。同时，可结合喷洒叶面肥和植物生长调节剂进行防治，效果更佳。','25'),('76','物理防治','病发前2周喷布200倍液高脂膜（乳剂），约10天喷一次，叶背叶面要周到。','25'),('77','防治害虫 避免虫伤','病菌极易从黄条跳甲、菜青虫、甘蓝夜蛾、小菜蛾，芜菁叶蜂、猿叶虫、地蛆等害虫造成的虫伤入侵，加之虫体也可带菌，造成病害的传播蔓延。因此应及时施药防治。鳞翅目害虫可喷2．5%敌杀死800～l000倍液、40%氧化乐果1000～2000倍液、敌百虫原粉2 000倍液、50%敌敌畏乳油1000～1500倍液；甲虫类用90%晶体敌百虫1000倍液、80%敌敌畏乳油l500～2000倍液喷雾或灌根杀死幼虫；种蝇和萝卜蝇的成、幼虫亦可用上述药剂进行喷雾和灌根，还可用50%辛硫磷乳油，每667平方米125～150克对水60升，或2．5%敌百虫粉、4．5%甲敌粉、5%西维因粉每667平方米1～1．5千克处理土壤，2．5%敌百虫粉亦能喷粉防治成虫，用量同前。','26'),('78','用药防治','治疗方案：轻微发病时，38%恶霜嘧铜菌酯按800倍液稀释喷施，5—7天用药1次；病情严重时，按600倍液稀释喷施，3天用药1次，喷药次数视病情而定。','26'),('79','植保要点','提高栽培管理技术，加强农业防病措施：定植前土壤需深翻曝晒，前茬以豆类和葱蒜等作物最好；地势要排灌方便防止土壤粘重；适期播种定植，以避免包心期感病阶段与当地雨季相遇；缺水肥或蹲苗时间过长时，土壤于裂伤根或大水漫灌后幼苗猛长，叶柄上易产生自然裂口，常会给病菌侵染造成可乘之机，因此要增施底肥，及时灌水追肥，“一促到底”，不断清除病株烂叶，穴内施以消石灰进行灭菌。','26'),('8','药剂防治','井冈霉素与枯草芽孢杆菌或蜡质芽孢杆菌的复配剂如纹曲宁等药剂，持效期比井冈霉素长，可以选用。丙环唑、烯唑醇、己唑醇等部分唑类杀菌剂对水稻纹枯病防治效果好，持效期较长。烯唑醇、丙环唑等唑类杀菌剂对水稻体内的赤霉素形成有影响，能抑制水稻茎节拔长。但这些杀菌农药在水稻上部3个拔长节间拔长期使用，特别是超量使用，可能影响这些节间的拔长，严重的可造成水稻抽穗不良，出现包颈现象，其中烯唑醇等药制的抑制作用更为明显。高科恶霉灵或苯醚甲环唑与丙环唑或腈菌唑等三唑类的复配剂在水稻抽穗前后可以使用。','3'),('80','物理防治','选择早熟品种，合理布局，加强田间管理，铲除田间杂草，及时清除菜田内外残株落叶。','27'),('81','喷洒农药','可用Bt制剂或青虫菌、菜粉蝶颗粒体病毒进行生物防治，亦可施氟虫双酰胺水分散粒剂等杀虫剂进行防治。','27'),('82','清洁田园','清洁田园，十字花科蔬菜收获后，及时清除田间残株老叶和杂草，减少菜青虫繁殖场所和消灭部分蛹。深耕细耙，减少越冬虫源。','27'),('83','药物防治','发现大量蚜虫时，及时喷施农药。用50%马拉松乳剂1000倍液，或 50%杀螟松乳剂1000倍液，或50%抗蚜威可湿性粉剂3000倍液，或2.5%溴氰菊酯乳剂3000倍液，或2.5%灭扫利乳剂3000倍液，或40%吡虫啉水溶剂1500～2000倍液等，喷洒植株1～2次；用1:6—1:8的比例配制辣椒水（煮半小时左右），或用1:20—1:30的比例配制洗衣粉水喷洒，或用1:20:400的比例配制洗衣粉、尿素、水混合溶液喷洒，连续喷洒植株2～3次；对桃粉蚜一类本身披有蜡粉的蚜虫，施用任何药剂时，均应加入1%肥皂水或洗衣粉,增加粘附力，提高防治效果。','28'),('84','人工防治','秋、冬季在树干基部刷白，防止蚜虫产卵；结合修剪，剪除被害枝梢、残花，集中烧毁，降低越冬虫口；冬季刮除或刷除树皮上密集越冬的卵块，及时清理残枝落叶，减少越冬虫卵；春季花卉上发现少量蚜虫时，可用毛笔蘸水刷净，或将盆花倾斜放于自来水下旋转冲洗。','28'),('85','保护天敌','蚜虫的天敌很多，有瓢虫、草蛉、食蚜蝇和寄生蜂等，对蚜虫有很强的抑制作用。尽量少施广谱性农药，避免在天敌活动高峰时期施药，有条件的可人工饲养和释放蚜虫天敌。','28'),('9','毒土预防','采用甲基砷酸锌毒土预防，能抑制纹枯病菌丝的生长和萌发，而且药效稳定，残效期长，施用后能被稻根吸收，也能渗入叶片，具有保护和防治作用。要求在水稻插后15～20天以内施完，备用20%甲基砷酸锌250克拌细土25千克，均匀撒入水稻田内，预防效果显著。据对比调查，用甲基砷酸锌撒毒土的秧苗田病穴率为10%左右，未撒毒土的田块，病穴率在50%以上。但使用甲基砷酸锌时，一定要在孕穗期以前，禁止在孕穗期或生育后期使用，因为甲基砷酸锌有杀雄功能，在孕穗期使用，轻者出现空穗秕谷，重者不能抽穗。尤其是在高温缺氮和缺钾时，对水稻产量影响更大。','3');

/*Table structure for table `record` */

DROP TABLE IF EXISTS `record`;

CREATE TABLE `record` (
  `did` int(11) NOT NULL AUTO_INCREMENT,
  `name` varchar(20) DEFAULT NULL COMMENT '分类名称',
  `count` int(11) NOT NULL COMMENT '次数',
  `time` varchar(30) NOT NULL COMMENT '时间',
  PRIMARY KEY (`did`)
) ENGINE=InnoDB AUTO_INCREMENT=50 DEFAULT CHARSET=utf8;

/*Data for the table `record` */

insert  into `record`(`did`,`name`,`count`,`time`) values (48,'玉米叶斑病',7,'2022年04月02日 09时18分29秒'),(49,'葡萄黑痘病',2,'2022年04月02日 09时19分09秒');

/*Table structure for table `tb_farmer` */

DROP TABLE IF EXISTS `tb_farmer`;

CREATE TABLE `tb_farmer` (
  `fid` int(11) NOT NULL AUTO_INCREMENT,
  `fname` varchar(50) DEFAULT NULL COMMENT '菜农名称',
  `age` int(11) DEFAULT NULL COMMENT '菜农年龄',
  `photo` varchar(100) DEFAULT NULL COMMENT '头像',
  `market_id` int(11) DEFAULT NULL COMMENT '所属市场',
  PRIMARY KEY (`fid`)
) ENGINE=InnoDB AUTO_INCREMENT=7 DEFAULT CHARSET=utf8;

/*Data for the table `tb_farmer` */

insert  into `tb_farmer`(`fid`,`fname`,`age`,`photo`,`market_id`) values (1,'张三',18,'https://tva2.sinaimg.cn/crop.0.0.996.996.1024/a818cb9ajw8ezq0h4qg8wj20ro0rptar.jpg',1),(2,'张三三',18,'https://tvax1.sinaimg.cn/crop.0.0.512.512.1024/b8b96874ly8g4ngp1u0xdj20e80e8t9p.jpg',1),(3,'李四',19,'https://tva3.sinaimg.cn/crop.0.44.421.421.1024/676e7956jw8f9ic2cdnouj20bp0e6q3j.jpg',2),(4,'李四四',19,'https://tvax3.sinaimg.cn/crop.0.0.664.664.1024/007qwBaUly8g9xod0ja57j30ig0ig3zk.jpg',2),(5,'王五',20,'https://tvax3.sinaimg.cn/crop.0.0.439.439.1024/007d3wpply8ftn74yyy94j30c80c775i.jpg',3),(6,'王五五',21,'https://tvax2.sinaimg.cn/crop.0.114.500.500.1024/006r3Xirly8fuil9ib0cxj30dw0joaat.jpg',3);

/*Table structure for table `tb_market` */

DROP TABLE IF EXISTS `tb_market`;

CREATE TABLE `tb_market` (
  `market_id` int(11) NOT NULL AUTO_INCREMENT,
  `market_name` varchar(50) DEFAULT NULL COMMENT '农贸市场',
  PRIMARY KEY (`market_id`)
) ENGINE=InnoDB AUTO_INCREMENT=4 DEFAULT CHARSET=utf8;

/*Data for the table `tb_market` */

insert  into `tb_market`(`market_id`,`market_name`) values (1,'沭阳县上东郡农贸市场'),(2,'兴阳农贸市场'),(3,'梦溪农贸市场');

/*!40101 SET SQL_MODE=@OLD_SQL_MODE */;
/*!40014 SET FOREIGN_KEY_CHECKS=@OLD_FOREIGN_KEY_CHECKS */;
/*!40014 SET UNIQUE_CHECKS=@OLD_UNIQUE_CHECKS */;
/*!40111 SET SQL_NOTES=@OLD_SQL_NOTES */;
